combination,count
CAGC,16414
CCAG,15455
AGAA,13965
GCAG,13554
CAGA,13367
GAAG,13018
AAGA,12912
CCTG,12195
AGCA,11776
AGGA,11435
GGAG,11378
CCCA,11270
TGGA,11112
CTGG,11080
CAAG,10867
GAAA,10849
ACAG,10695
CTCC,10678
CAGG,10424
GCTG,10422
CTGC,10389
GCCC,10348
AGCC,10235
CCTC,10152
GGAA,10090
AAAG,10081
TCCA,9973
GCCA,9933
TGAA,9813
GGCC,9648
ACCA,9575
TCAG,9569
GAGG,9558
CCAC,9435
AGAG,9426
CACC,9373
AGCT,9236
CCAA,9067
GAGC,9030
GAGA,8928
CAGT,8838
AAGG,8799
GATG,8719
CTTC,8670
CCCT,8653
CAAA,8601
TCCT,8555
CCCC,8544
CTGA,8542
ATGA,8538
TGGC,8534
GGCA,8256
CTCA,8240
AGAT,8138
AAGC,8095
ATGG,8090
TGCC,7985
GCCT,7870
TGCA,7861
AATG,7763
AACA,7734
CACA,7710
CATC,7699
TCCC,7694
TCTG,7685
AAAA,7504
TTCA,7485
GTGG,7473
ACCC,7461
TCAA,7441
GACA,7366
GCTC,7359
AGGC,7344
ACAA,7284
GGGC,7280
AGTG,7163
ACCT,7150
GCAA,7138
GGAC,7135
GACC,7106
AGAC,6997
AAAT,6984
CATG,6971
CAAC,6939
GGGA,6877
CTGT,6846
TGGG,6838
CCAT,6776
TGCT,6763
ATCA,6750
TTCC,6690
TGAG,6675
GGCT,6671
GAAC,6618
AAAC,6553
CTCT,6444
ACTG,6418
AACC,6380
AAGT,6359
GGTG,6252
TTCT,6244
CCTT,6204
GAAT,6153
GCAC,6106
AGGG,6072
TCTC,6034
CGGC,6009
GTGA,5994
GTCC,5981
TGAC,5880
ATCC,5845
AGTC,5747
TGAT,5717
TGTG,5667
CGCC,5643
TTTG,5605
CCCG,5580
ATGC,5544
TCAT,5532
AACT,5506
GCCG,5439
TCAC,5434
GTCA,5427
CACT,5401
CCGG,5378
ACAT,5367
TGTC,5342
GACT,5297
GCGG,5294
TCTT,5291
AGTT,5283
CCGC,5276
GTGC,5190
ACTC,5150
AGGT,5108
TACA,5097
ATGT,5057
TGGT,5048
GAGT,4918
TTGG,4872
CTTT,4870
ATCT,4835
CGAG,4833
TTGA,4825
GGAT,4822
CTAC,4821
GGGG,4812
AGCG,4795
ACTT,4772
ACAC,4735
CATT,4683
GATC,4657
ATTC,4654
GGCG,4647
CGGG,4625
GTTC,4542
CAAT,4530
GTCT,4520
AATT,4465
TTTC,4451
GCTT,4417
AATC,4412
CTTG,4409
TGTT,4369
ATTT,4288
TACC,4263
GCAT,4234
GCGC,4221
TAAA,4167
GGTC,4066
CCGA,4034
AGTA,3991
TTGC,3989
CGGA,3969
GTTT,3893
ATTG,3846
TATG,3811
GATT,3761
AATA,3738
CCTA,3630
GCTA,3477
TTAC,3427
TAGA,3421
GTAC,3409
GTGT,3395
GGGT,3381
TTGT,3381
ATAA,3372
TACT,3348
CTAT,3340
CGCT,3268
GACG,3263
CTCG,3252
ACTA,3224
CGCA,3206
GTTG,3165
ATTA,3141
TCCG,3123
ACGA,3122
TTTT,3112
TGTA,3105
TCTA,3095
GATA,3079
CGAC,3074
CACG,3050
TTAA,3030
TATT,3018
TTTA,2996
GGTT,2981
ACCG,2961
ACGG,2954
ATAT,2953
TTAT,2951
TCGG,2923
TATC,2878
GCGA,2851
CTAA,2801
CGTG,2781
TAAT,2742
CGAA,2637
TGCG,2636
ACGC,2569
CTTA,2551
AACG,2542
CGTC,2536
CATA,2531
GTTA,2531
ATAC,2491
CTAG,2463
ATAG,2443
CCGT,2388
GTAT,2344
TAAG,2300
CGCG,2263
TCGC,2239
GTAG,2233
TCGA,2226
TAGC,2203
ATCG,2168
GGTA,2142
TAGT,2102
GTAA,2078
TAAC,2058
TTCG,2003
TATA,1969
CGGT,1934
TCGT,1829
GCGT,1815
TTAG,1807
GTCG,1737
CGAT,1732
ACGT,1654
CGTT,1512
TACG,1430
TAGG,1237
CGTA,827
