combination,count
CAG,50412
CCA,41093
AGA,37467
GAA,37451
CTG,37263
AGC,37110
AAG,37080
GGA,34160
GCC,33911
CCT,32500
GCA,32169
TGG,31778
GAG,31587
CAA,31136
AGG,30723
GGC,29618
TCC,29618
TGA,28395
TCA,28131
CTC,27819
ATG,27724
ACC,27486
ACA,27096
GCT,26218
CCC,26086
TGC,25519
CAC,24814
AAA,24324
GAC,23157
TTC,22569
AAC,22367
AGT,22231
CAT,22063
GTG,21333
TCT,21019
CTT,20752
GAT,20675
AAT,20449
ATC,19825
ACT,19661
TGT,17934
GTC,17726
GGG,17718
CCG,17426
TTG,17084
CGG,16982
ATT,15971
GGT,15717
TAC,14247
GTT,14190
CGC,14127
GCG,14068
CTA,13524
TTT,13217
CGA,12345
TAA,11325
TTA,11261
TAT,11257
ATA,10850
ACG,10410
GTA,10114
TCG,9221
TAG,8996
CGT,7692
